member_casual,avg(ride_length),
casual,1877.160560104848,31:17:00
member,662.4511951479202,11:02
